{"numerical_stops": [1, 3, 4, 6, 7, 9, 10, 12, 13, 14, 16, 17, 20, 21, 22, 25, 24, 26, 27, 29, 31, 32, 31, 35, 35], "numerical_probs": [45.797, 40.986, 39.524, 39.016, 38.419, 38.185, 37.71, 37.676, 37.969, 37.706, 37.602000000000004, 37.601, 37.36, 37.538, 37.372, 37.297999999999995, 37.131, 37.286, 37.263000000000005, 37.488, 37.144, 37.236000000000004, 37.053000000000004, 37.198, 36.982], "uncertain_5_stops": [1, 3, 4, 6, 7, 8, 9, 10, 13, 14, 15, 15, 17, 19, 19, 20, 21, 23, 25, 25, 26, 26, 27, 28, 33], "uncertain_5_probs": [44.846000000000004, 39.525, 37.267, 35.762, 34.625, 34.188, 33.084, 32.027, 31.706, 30.999, 30.421, 30.091, 29.494, 28.914, 28.668, 28.073999999999998, 27.632, 27.400000000000002, 26.997, 26.024, 26.123, 25.709, 25.308000000000003, 25.085, 24.59], "uncertain_10_stops": [1, 3, 4, 5, 6, 8, 9, 10, 11, 12, 14, 15, 15, 17, 17, 21, 20, 21, 22, 25, 23, 25, 27, 26, 27], "uncertain_10_probs": [43.891999999999996, 37.547999999999995, 35.009, 33.303, 31.718000000000004, 30.562, 29.788999999999998, 28.281, 27.634999999999998, 26.558, 25.976, 25.113999999999997, 24.438, 24.291999999999998, 23.618, 22.832, 22.493, 21.978, 21.379, 20.995, 20.757, 20.343, 20.036, 19.582, 19.179], "rel_uncertain_5_stops": [1, 3, 4, 5, 7, 8, 9, 10, 12, 14, 15, 16, 18, 19, 20, 20, 21, 22, 24, 26, 28, 27, 29, 28, 30], "rel_uncertain_5_probs": [4506.5, 3955.8, 3781.6000000000004, 3607.0, 3511.8, 3396.1000000000004, 3334.3, 3258.0999999999995, 3215.7000000000003, 3131.9999999999995, 3087.2, 3031.0, 2978.7000000000003, 2936.5, 2904.9, 2820.7, 2781.9, 2771.5, 2714.1, 2670.2999999999997, 2631.5, 2611.1, 2580.3999999999996, 2564.0, 2530.1000000000004], "rel_uncertain_10_stops": [1, 3, 4, 5, 6, 8, 9, 11, 11, 13, 14, 14, 16, 17, 19, 18, 20, 21, 23, 22, 24, 25, 25, 26, 28], "rel_uncertain_10_probs": [446090.00000000006, 384930.0, 357430.0, 337730.0, 326730.0, 312530.0, 303439.99999999994, 290320.0, 285140.0, 273890.0, 266330.0, 259900.0, 253600.0, 247180.00000000003, 239150.0, 238619.99999999997, 229590.0, 224850.0, 221300.0, 214940.0, 213710.00000000003, 209750.0, 205450.0, 203250.0, 198040.0]}