{"numerical_stops": [1, 3, 4, 6, 7, 9, 10, 12, 13, 14, 16, 17, 20, 21, 22, 25, 24, 26, 27, 29, 31, 32, 31, 35, 35], "numerical_probs": [45.797, 40.986, 39.524, 39.016, 38.419, 38.185, 37.71, 37.676, 37.969, 37.706, 37.602000000000004, 37.601, 37.36, 37.538, 37.372, 37.297999999999995, 37.131, 37.286, 37.263000000000005, 37.488, 37.144, 37.236000000000004, 37.053000000000004, 37.198, 36.982], "uncertain_5_stops": [1, 3, 4, 6, 7, 8, 9, 10, 13, 14, 15, 15, 17, 19, 19, 20, 21, 23, 25, 25, 26, 26, 27, 28, 33], "uncertain_5_probs": [44.846000000000004, 39.525, 37.267, 35.762, 34.625, 34.188, 33.084, 32.027, 31.706, 30.999, 30.421, 30.091, 29.494, 28.914, 28.668, 28.073999999999998, 27.632, 27.400000000000002, 26.997, 26.024, 26.123, 25.709, 25.308000000000003, 25.085, 24.59], "uncertain_10_stops": [1, 3, 4, 5, 6, 8, 9, 10, 11, 12, 14, 15, 15, 17, 17, 21, 20, 21, 22, 25, 23, 25, 27, 26, 27], "uncertain_10_probs": [43.891999999999996, 37.547999999999995, 35.009, 33.303, 31.718000000000004, 30.562, 29.788999999999998, 28.281, 27.634999999999998, 26.558, 25.976, 25.113999999999997, 24.438, 24.291999999999998, 23.618, 22.832, 22.493, 21.978, 21.379, 20.995, 20.757, 20.343, 20.036, 19.582, 19.179], "rel_uncertain_5_stops": [1, 3, 4, 5, 7, 8, 9, 10, 12, 14, 15, 16, 18, 19, 20, 20, 21, 22, 24, 26, 28, 27, 29, 28, 30], "rel_uncertain_5_probs": [45.065, 39.558, 37.816, 36.07, 35.118, 33.961000000000006, 33.343, 32.580999999999996, 32.157000000000004, 31.319999999999997, 30.872, 30.31, 29.787000000000003, 29.365, 29.049, 28.207, 27.819, 27.715, 27.141, 26.702999999999996, 26.315, 26.111, 25.803999999999995, 25.64, 25.301000000000005], "rel_uncertain_10_stops": [1, 3, 4, 5, 6, 8, 9, 11, 11, 13, 14, 14, 16, 17, 19, 18, 20, 21, 23, 22, 24, 25, 25, 26, 28], "rel_uncertain_10_probs": [44.60900000000001, 38.493, 35.743, 33.773, 32.673, 31.253, 30.343999999999994, 29.032, 28.514, 27.389, 26.633, 25.99, 25.36, 24.718000000000004, 23.915, 23.862, 22.959, 22.485, 22.13, 21.494, 21.371000000000002, 20.975, 20.545, 20.325, 19.804]}